alpha	beta	ds	gamma	loss	scheme	topic
0.83	0.17	summary	0	15.3150734768	ib	1
0.86	0.14	summary	0	51.033872289	ib	2
